"","security_freedom_1","security_freedom_2","security_freedom_3","security_freedom_4","security_freedom_5","security_freedom_6","security_freedom_7","institution_trust_5","gr_1","nar1_t","nar2_t","nar3_t","nar4_t","nar5_t","nar6_t","nar7_t","nar8_t"
"1",6,6,6,5,6,5,6,2,1,5,5,5,5.5,4.5,4.5,5.5,5
"2",4,4,4,3,4,5,4,5,1,1.5,1,1,2,1,2.5,1,1
"3",7,7,7,7,7,7,7,1,1,5,4,4,2.5,2.5,2.5,1.5,1.5
"4",7,7,7,6,7,7,7,5,0,2,1,4,3.5,5,4,4.5,4.5
"5",5,5,5,5,6,7,7,1,1,5,5.5,5.5,5.5,4.5,4,6.5,3
"6",4,4,4,4,4,4,4,6,1,5,5.5,6,5.5,7,5.5,5,7
"7",2,1,1,1,1,1,1,5,0,4.5,5,3,4.5,3,1.5,5,3
"8",2,3,1,1,1,4,5,6,1,7,7,6,4.5,7,7,7,7
"9",2,4,4,2,2,1,1,5,0,4,1,1,4,6,6,5.5,3
"10",7,6,6,6,6,6,6,2,1,4,5,4,7,5.5,6.5,6,6.5
"11",3,3,3,5,7,5,5,2,0,2,3.5,4,3.5,2,4.5,3.5,2
"12",5,5,3,3,7,3,7,6,1,4.5,4,4,5,5,7,7,7
"13",5,5,4,6,4,5,5,4,0,7,3,5.5,3.5,5,5,7,4.5
"14",6,6,5,6,6,6,7,1,0,3.5,5,3.5,4.5,1,1.5,1,3.5
"15",7,7,7,7,7,7,7,1,1,6.5,7,1,1,1,4,3.5,1
"16",2,2,1,1,1,1,1,6,0,7,4,7,7,7,7,7,7
"17",3,3,1,2,3,3,2,2,0,3,3.5,1.5,2.5,3.5,4.5,2,4.5
"18",5,5,6,4,4,5,4,4,1,5.5,3.5,3.5,4,3,4.5,5.5,4.5
"19",4,2,1,1,1,1,1,5,1,3.5,3,1.5,2.5,2,2,3.5,4
"20",7,7,6,7,7,5,6,5,1,4,3.5,3.5,4,5.5,5.5,6,4
"21",2,4,2,3,5,5,4,4,1,6,3.5,2.5,1.5,6,6.5,4,5.5
"22",4,5,5,6,6,6,7,6,1,2,1,1,4,4.5,4,2,4.5
"23",6,7,5,6,6,6,7,2,0,4,3.5,3.5,4,5.5,5,6.5,5
"24",6,6,6,5,6,6,6,4,1,4.5,6,4.5,6,5,7,5,6
"25",7,6,5,6,6,6,7,5,1,5,4.5,5,4,5.5,6,6,6.5
"26",7,7,7,7,7,7,7,2,1,3.5,3.5,1.5,3.5,3.5,3.5,4,3.5
"27",4,5,3,5,3,4,5,1,0,1,1,1,1,2,1,1,1
"28",6,6,6,6,6,7,7,3,1,3.5,4,4,5.5,3,5,5,5
"29",1,3,1,4,4,1,3,1,0,3,1,2,1,2,5,5.5,6
"30",7,6,7,6,7,7,7,3,1,5,2.5,2,6,4.5,6,3.5,4.5
"31",2,2,3,3,4,4,4,4,0,4,4,2,4,2.5,4.5,2,3
"32",7,7,7,7,7,7,7,1,1,6.5,7,7,7,4.5,5,6,5.5
"33",7,6,7,7,7,7,7,1,0,4,6.5,5,6,3,4,5,3.5
"34",4,4,6,6,6,7,6,3,0,5.5,2.5,3,5,3.5,3,5,3.5
"35",4,5,5,5,4,4,4,1,1,2.5,4,4.5,3,3.5,4,4.5,3.5
"36",5,5,5,5,5,3,3,1,1,5.5,3,3.5,5,6.5,4.5,5.5,1
"37",5,4,5,5,3,3,4,4,1,2.5,2,3,5,5.5,4.5,5.5,6
"38",7,7,7,7,7,7,7,5,1,1,1,1.5,2,1.5,1,1,1
"39",5,5,5,4,5,5,5,1,0,7,7,7,5.5,1,1,1,1
"40",2,5,1,2,2,2,1,4,1,2,2.5,2.5,5.5,5.5,6,1.5,1.5
"41",3,4,5,6,5,5,6,6,0,7,7,7,7,7,7,7,6.5
"42",7,1,7,7,7,7,7,3,0,1,7,1,7,2,7,3.5,1
"43",4,4,4,4,4,5,6,3,1,1.5,2,2.5,2,1.5,3.5,2,2.5
"44",1,1,1,1,1,1,1,4,0,1,2.5,3,2.5,3,2.5,6,7
"45",7,7,7,7,7,7,7,1,1,7,7,7,7,1,7,1,1
"46",5,7,4,5,6,6,6,4,1,3.5,5.5,6,6,5,4.5,3,7
"47",5,4,5,4,4,4,4,6,0,5,3.5,2.5,4.5,4,5,4.5,4.5
"48",7,7,7,7,6,7,7,2,1,2,4,3.5,2.5,2.5,3.5,1,4
"49",1,4,2,5,3,2,5,5,0,6,4,4.5,4.5,5,5.5,6,4.5
"50",7,7,7,7,7,6,6,6,1,7,5,1,2,1,2,2,7
"51",6,5,3,6,6,4,3,3,1,3.5,3,2,3,3.5,5,4.5,4.5
"52",7,7,7,7,7,7,7,1,1,4,4,4,4.5,4,7,4,6
"53",7,7,7,7,7,7,7,3,1,4.5,6,5,7,4,4.5,7,6
"54",5,5,5,5,5,5,5,4,0,4.5,6,4,4,4.5,5,4,4.5
"55",7,7,7,7,7,7,7,1,1,2,4.5,1,4.5,2.5,2.5,6,4
"56",5,5,4,4,4,4,5,2,0,2.5,3,1,6,4,5.5,4,6
"57",6,6,6,6,7,7,7,3,1,5.5,6.5,4,5,3.5,4.5,6.5,5.5
"58",7,6,7,7,4,5,5,4,0,5.5,1,6.5,6,5.5,6,6,7
"59",4,4,4,4,4,4,4,1,1,4,4,4,3,4.5,5,2.5,7
"60",4,1,3,5,1,6,7,4,1,2.5,3.5,4.5,4,3,4,1.5,3
"61",5,5,4,6,6,7,6,2,1,6.5,6.5,6.5,5,2.5,4,4,4.5
"62",4,3,4,5,5,6,6,2,0,5.5,4,4.5,4,4,5,2,5
"63",6,7,7,7,7,7,7,4,0,5.5,4.5,4.5,2.5,3,5,6.5,5
"64",5,6,6,7,4,6,6,4,0,5.5,4,4.5,6.5,3,4.5,6,4
"65",6,5,4,3,4,5,5,5,0,5,3.5,1.5,4.5,4,4.5,5,4.5
"66",7,7,6,7,7,7,7,1,1,3.5,6.5,5,5.5,4,5.5,4.5,6.5
"67",7,7,7,7,7,7,7,1,1,4,5,5.5,7,4,5.5,5,3
"68",3,3,2,3,1,4,6,4,0,3.5,5,1.5,2.5,4,3,4,3
"69",3,5,4,5,4,5,5,2,0,4,4,4,4,2.5,3.5,3.5,3.5
"70",5,4,3,1,1,1,2,2,0,5,2.5,3,4.5,3.5,4.5,5,4
"71",1,7,4,7,7,7,7,3,0,3,1,1,1,1,2.5,4,4.5
"72",4,3,4,4,5,5,5,5,1,6.5,6.5,5.5,6.5,4.5,6,6.5,4
"73",4,4,6,5,6,7,7,2,1,5,6.5,5.5,5.5,4.5,4.5,5,4
"74",7,7,7,7,7,7,7,1,1,1,5.5,2.5,3.5,1,2.5,4.5,2
"75",6,6,4,4,4,2,2,3,0,4,4,2,2,5.5,5,5.5,4
"76",5,5,5,5,5,4,5,6,0,2,4,6,4.5,7,6,5.5,6
"77",4,5,5,5,4,5,5,7,0,7,7,5.5,5.5,7,7,7,6
"78",7,6,6,7,7,7,7,4,0,4.5,4,5,4,4,4,4,4
"79",2,2,7,6,6,5,6,2,0,7,6,3.5,6.5,2,2,1,4.5
"80",7,7,7,7,7,7,7,6,0,4.5,5.5,1.5,4.5,3.5,4,5,5
"81",4,4,4,5,4,5,4,2,1,4,5.5,4.5,6,4.5,4.5,5.5,4.5
"82",4,3,1,1,1,3,5,1,0,6.5,6.5,5,3,5,4,3,4
"83",4,4,4,5,5,5,4,3,1,3.5,4,3.5,4,3.5,5,4,4
"84",4,4,4,2,5,5,5,3,1,4,4,2.5,3,3,4,2.5,3.5
"85",4,4,4,4,4,4,4,1,1,6.5,2.5,3,4.5,1,4,5.5,3
"86",5,5,3,6,6,6,6,3,0,6,6.5,6.5,6.5,5,4.5,6.5,5
"87",7,7,7,7,4,4,4,1,1,5.5,5.5,4,4.5,7,7,5.5,4
"88",4,4,5,5,4,5,3,6,0,4.5,4.5,4,4.5,4.5,4.5,4.5,4
"89",7,7,5,7,6,7,7,3,1,5,4.5,3,4.5,6,5.5,2.5,4
"90",5,3,4,5,2,4,6,4,0,4,5,3.5,6,6,7,6.5,5
"91",7,7,7,7,7,4,6,7,1,4,3.5,1,7,7,7,2.5,7
"92",4,5,4,6,2,2,6,5,1,4,3.5,1,4,6.5,7,7,7
"93",3,3,2,3,3,4,3,4,0,5,3,4.5,6,4.5,4.5,5,4
"94",7,7,7,7,7,7,7,4,0,3.5,4,3.5,3,1,1,3.5,3
"95",2,1,1,3,2,4,6,7,0,2,1,1.5,1.5,6.5,7,5,7
"96",7,7,7,7,7,7,7,6,1,5,3,4,3.5,4.5,5,4,4.5
"97",3,6,6,5,6,6,7,4,0,5,4,3.5,6.5,3.5,2.5,5,2.5
"98",5,4,3,4,6,6,6,2,0,4,5,5.5,4,4,3,2,5
"99",1,7,1,7,7,7,7,5,0,3.5,6,2.5,7,3.5,5,7,3
"100",5,5,4,5,4,4,4,6,1,4,5,5,4,5.5,6,6,5
"101",2,6,3,4,2,5,4,6,0,1.5,1,5.5,4,4.5,2.5,4,4
"102",7,7,7,1,7,7,7,7,1,7,7,7,7,7,7,7,7
"103",4,4,3,5,5,5,5,4,0,5,2.5,2,5,4.5,5,4.5,6
"104",7,7,7,7,7,7,7,6,0,5.5,6.5,4.5,5,4,6.5,6,4.5
"105",4,4,4,4,4,4,4,5,1,4,4,4,4,4,4,4.5,4
"106",5,3,7,5,7,7,7,3,0,7,6.5,3.5,7,1.5,5,3,4
"107",7,7,7,7,7,7,7,1,1,2.5,2.5,2.5,5.5,2.5,2.5,2.5,2.5
"108",4,4,4,7,7,7,7,1,1,7,4,6.5,3,7,6,4.5,7
"109",3,3,4,6,6,6,6,5,0,4.5,6,5,5,5.5,4,4.5,4.5
"110",5,7,6,7,5,5,6,3,0,2.5,1.5,1.5,5.5,6.5,4.5,6,3.5
"111",4,3,4,4,3,3,3,3,0,3.5,7,7,7,4,4,4,4
"112",6,6,6,5,4,5,6,3,0,4.5,5,3,4,4,5,4.5,5
"113",4,6,3,4,3,3,4,4,0,4,3.5,2.5,4.5,5.5,6,5,5
"114",5,4,4,4,4,4,4,2,0,5.5,2.5,3,4,5.5,6,5,4.5
"115",4,4,3,3,4,2,4,5,0,2.5,1,6,7,6,6,7,5.5
"116",6,7,6,6,5,6,6,2,0,5.5,6,3.5,4,6,3.5,6,5
"117",3,6,5,4,6,7,7,3,1,4,4.5,3.5,4,3.5,4.5,3.5,5.5
"118",5,6,5,6,5,4,5,4,0,4.5,1.5,1,3,4.5,4.5,4,7
"119",2,2,2,2,2,2,2,1,0,7,7,7,7,5,5,6,6
"120",7,7,7,7,7,7,7,1,1,7,7,6.5,6,1,2.5,2.5,4
"121",6,7,6,7,6,5,6,5,0,4.5,2,1,1.5,4.5,6.5,4.5,5.5
"122",6,6,6,6,6,6,6,3,1,5.5,4,5.5,4,5,4,5,3.5
"126",7,7,7,6,7,7,7,4,1,5,4.5,1,4,4,5.5,6.5,6
"127",6,6,6,6,6,6,6,2,1,4,2,1,4,1,3,3,1
"128",4,5,4,6,7,3,6,2,0,5.5,5.5,7,7,5.5,7,7,6.5
"129",7,7,7,7,6,6,6,2,1,4,2.5,3,2.5,4,6,6,4.5
"130",5,5,5,5,5,4,5,6,0,1.5,4.5,2,2,5,4.5,3,6
"131",5,4,3,4,3,5,4,5,1,5,3,2,5,5.5,4,6,5
"132",7,7,7,7,7,7,7,1,0,7,6.5,5.5,6.5,4.5,4.5,5,6
"133",6,5,6,7,6,6,5,5,0,3,3,2.5,3.5,3,2.5,4.5,3.5
"134",6,6,6,7,7,7,7,5,1,4.5,4,5,3.5,6,5.5,7,4
"135",7,7,7,7,7,7,7,1,0,7,7,1.5,5,3.5,6.5,6,4
"136",5,5,3,4,4,4,4,2,1,4,1,1,1,4,5,4,5
"137",3,4,4,4,4,4,4,7,0,6,2,4,4,2,4,4.5,2.5
"138",6,5,6,6,6,7,7,3,1,4,5,5,5.5,4,4.5,6,5
"139",4,4,3,4,4,3,3,4,1,4,4,4,4,4,4,4,4
"140",6,6,7,5,7,7,7,2,1,5.5,6.5,7,6,2.5,5,6,4.5
"141",6,6,6,5,6,6,6,2,1,5,4.5,1.5,4,4,4,4.5,4
"142",2,2,2,2,2,2,2,6,1,4.5,4,4,4.5,7,6.5,7,7
"143",5,4,5,5,5,5,5,6,0,5,5,4.5,5,5,5,5,5
"144",4,2,1,4,3,1,3,5,0,1,2.5,1,1,5.5,5.5,7,6.5
"145",5,5,5,5,6,7,6,4,1,3.5,5.5,3.5,3,4.5,4.5,4,5
"146",2,3,2,2,2,2,2,4,0,3.5,3,2,3.5,5,5,5,5
"147",7,7,7,7,7,7,7,3,1,6,5,4.5,2.5,1,4,3,1
"148",4,4,3,5,3,4,4,5,0,4.5,4,4,4,4,4.5,4,4
"149",7,7,7,7,7,7,7,2,0,7,5.5,6.5,6.5,2.5,4,5,3.5
"150",7,7,7,7,7,7,7,4,1,3.5,3.5,1,6,3.5,6.5,7,6
"151",4,4,4,4,4,4,4,4,0,4,4,4,4,4,4,4,4
"152",5,4,4,5,4,4,5,4,0,3.5,4,2.5,4.5,4,4,4.5,3
"153",3,5,3,7,3,5,5,4,0,4.5,2,2,5,5.5,5.5,6,6
"154",7,7,7,7,7,7,7,5,1,5,7,6,5.5,6,4.5,5.5,7
"155",1,1,1,7,1,7,7,2,0,4,1,7,7,7,7,7,7
"156",1,3,3,5,5,4,5,5,1,3,2,3.5,3.5,5,4.5,4.5,4
"157",7,7,7,7,7,7,7,1,1,7,7,5.5,5,1,1,4,3.5
"158",7,7,7,7,7,7,7,3,1,3,3,3,3,3,3,3,3
"159",6,6,7,6,7,7,6,2,1,4,6,4,5,4,3,4,4.5
"160",4,5,5,4,7,7,7,1,0,3,2.5,3,4,1.5,3,3,3
"161",6,6,7,7,7,7,7,4,1,4.5,4,1,3,2,4,3.5,3.5
"162",5,4,3,3,5,7,7,1,1,5.5,4,2.5,4,4.5,5.5,5,3.5
"163",6,7,7,7,6,7,6,4,1,4.5,4,4.5,5.5,5,5,6.5,4
"164",7,7,7,7,7,7,7,5,0,3.5,4,1,4.5,4.5,5,7,4
"165",1,1,2,1,1,3,1,1,0,7,7,5.5,3.5,2.5,3.5,5,4.5
"166",7,7,6,6,6,7,7,1,1,4,7,1,4,1.5,1.5,4,4
"167",7,7,7,7,7,7,7,1,1,5.5,6.5,7,3,5.5,6,6.5,6
"168",7,7,7,7,7,7,7,1,1,4,7,1,7,1,4.5,4,4
"169",6,5,5,5,3,3,5,7,1,4.5,5,5,4.5,4.5,4.5,4,4.5
"170",5,6,5,5,6,6,6,5,0,4.5,4,2,4,4.5,2,3.5,5
"171",7,7,7,7,7,7,7,1,0,4.5,6,5.5,5,4,4,4.5,5
"172",7,7,7,7,7,7,7,1,1,5.5,5.5,4.5,5,5,4,4,4
"173",7,7,7,7,1,1,7,1,0,7,1,4,1,7,7,7,7
"174",3,3,3,3,3,1,2,6,0,1.5,1.5,3.5,1,7,7,1,7
"175",6,6,6,7,7,7,6,4,0,6.5,7,6.5,4,5.5,5,7,6.5
"176",1,1,2,1,1,1,1,1,1,4.5,4.5,3.5,4.5,3.5,5.5,6,4
"177",2,2,1,2,2,1,1,3,0,3.5,4,4.5,6,6,6.5,6.5,6.5
"178",7,7,7,7,7,7,7,1,1,3.5,5,3.5,5,5,4.5,5,3.5
"179",3,4,4,4,7,7,7,1,1,6,6,5.5,6,4,3.5,4,4.5
"180",4,6,7,7,7,7,7,6,0,5.5,5.5,5.5,4,5.5,7,5.5,5.5
"181",4,3,4,3,3,3,4,5,0,4.5,2,1,5,4,5,3,4
"182",4,4,4,5,4,4,3,5,1,4,3.5,3,3,7,6,4.5,4
"183",5,5,5,5,6,6,6,2,0,7,5.5,6,5,1.5,5,6,2.5
"184",4,4,4,4,4,4,4,1,0,5.5,7,5.5,5,2,6,6,6
"185",1,3,1,4,1,3,3,1,0,5.5,1,1,2.5,1.5,5,1,7
"186",4,5,4,4,3,4,4,2,0,5,5.5,5.5,6,4,4.5,5,4
"189",6,7,7,7,7,7,7,1,0,3.5,3,4,5.5,4.5,5,6,5
"190",4,4,4,4,4,4,4,5,1,4,3.5,3,4,5,4.5,6.5,6.5
"191",6,7,6,6,5,5,7,3,0,5.5,5.5,5,4,2,5.5,3.5,4
"192",7,7,7,7,7,7,7,1,1,1,7,7,7,1,1,1,1
"193",4,5,5,6,7,7,7,4,0,5.5,5,4.5,4,5,6,5,6
"194",1,1,1,1,1,1,2,6,1,7,7,5,2.5,2.5,4,5,2
"195",7,7,7,7,5,3,6,5,0,6.5,4,2.5,1.5,7,7,7,6
"196",2,2,1,1,1,1,1,4,1,1,2,1,4,6.5,7,7,7
"197",3,4,1,2,2,2,3,3,0,3.5,5,2.5,3.5,5.5,4,4.5,3.5
"198",7,7,7,7,7,7,7,1,1,4,6,3.5,5,1.5,3,3,4
"199",4,4,4,4,4,4,4,4,1,3,3,3,3,3.5,3,3,3
"200",1,1,1,1,1,3,4,6,1,6,1,4,6,5.5,6.5,6.5,4.5
"201",3,3,2,6,6,4,5,6,1,5,4,3.5,2.5,5,4.5,6.5,5
"202",7,7,7,7,7,7,7,2,1,4.5,5.5,4,5.5,3.5,3,3.5,5
"203",4,4,4,4,5,5,5,2,1,2,1.5,1,2.5,1.5,3.5,4,4
"204",1,1,1,1,7,1,7,1,0,6,7,3,7,4,7,4,6
"205",6,6,6,6,7,7,7,5,1,4,3,6,4.5,3,4.5,5.5,3
"206",5,5,4,5,5,5,5,6,0,5,4,5,4.5,4,5.5,5,3.5
"207",7,7,7,7,7,7,7,4,1,3.5,6,3,5,4,5.5,4,2
"208",5,5,4,4,4,6,6,1,0,5,4.5,3.5,4,4,5,5.5,3
"209",5,5,5,6,5,6,7,4,1,5,5,4,4.5,3.5,4,4,2.5
"210",7,7,7,7,5,7,7,5,1,2,5.5,5.5,3,6,7,6,7
"211",7,7,7,7,7,7,7,4,1,4.5,4,5,4,3,4,4,4
"212",7,7,7,7,7,7,7,2,1,6,7,4,3.5,3,3,5.5,3.5
"213",7,6,6,6,6,6,7,5,1,3.5,4,4,4.5,3.5,5,4,4
"214",5,6,3,5,4,4,5,5,0,4.5,5,4.5,4,4.5,4,5.5,5
"215",6,6,5,5,6,5,6,6,1,5,5,5.5,5,5.5,6,5.5,5.5
"216",7,6,6,6,5,7,7,3,0,6.5,7,4.5,7,1,6,7,7
"217",2,6,6,7,7,6,4,1,0,4,5,6,5,4.5,5,4.5,4
"218",7,6,7,7,7,7,7,1,1,6.5,7,5.5,4,5,7,4,5.5
"219",5,5,4,5,4,5,5,6,0,3.5,2,1,4.5,4.5,5,3,4.5
"220",7,7,7,7,7,7,7,3,0,4,2,3,7,3,4,4,2
"221",4,5,5,6,6,7,7,7,0,7,1,1,1,7,7,7,7
"222",7,7,7,7,7,7,7,3,1,6.5,5.5,5.5,7,3.5,4,6,4
"223",4,4,4,4,4,4,3,4,0,5,4,4,3.5,4,4,4,3.5
"224",7,7,7,7,7,7,7,3,0,5,6,6.5,7,4,3.5,5,3.5
"225",7,7,7,7,4,7,7,6,1,5,6,5.5,7,3.5,6.5,7,7
"226",7,7,6,7,7,7,7,1,0,7,6.5,6,5.5,5.5,5,7,4.5
"227",5,5,5,4,6,2,6,6,1,3,1.5,1.5,2,3.5,5.5,6.5,1.5
"228",1,7,1,5,4,1,1,4,0,7,6,7,7,7,7,7,7
"229",4,5,3,5,4,4,4,7,1,6,4.5,6,4,5,7,6.5,6
"230",6,5,4,5,4,4,5,3,1,3.5,4,5,6.5,4.5,6.5,5,6
"231",7,7,7,7,7,7,7,1,1,5,3.5,3.5,7,4,5,4,3.5
"232",5,6,4,5,6,6,6,2,0,4,4,4.5,3.5,2.5,2.5,3.5,4
"233",4,3,3,4,5,5,4,1,0,3.5,3.5,3.5,3.5,3.5,3.5,3.5,3.5
"234",5,5,6,7,7,7,6,3,0,5,5,5,3.5,4,4,4,3
"235",4,4,4,5,5,6,6,3,0,4,6,4.5,5,3,5,4.5,5.5
"236",7,7,7,1,1,1,1,4,0,7,7,7,7,7,7,7,7
"237",7,7,7,7,7,7,7,1,1,6,5,4,6.5,5.5,5.5,6,6
"238",6,6,6,6,6,6,6,3,1,6,4,1,3.5,3,2.5,7,6
"239",1,1,1,1,1,7,7,4,0,5.5,4,4,3.5,1.5,3,2,6
"240",4,4,4,6,6,6,6,4,1,3.5,3.5,1,3,7,7,7,7
"241",3,3,5,4,3,6,6,2,0,4.5,2.5,5.5,4.5,5.5,6,4.5,4.5
"242",3,3,2,2,2,3,3,4,0,3.5,1.5,2.5,4,5.5,6,3.5,3.5
"243",4,3,4,5,5,5,5,3,0,4,5.5,2,4,4,1.5,4,4
"244",2,3,3,3,3,3,3,5,0,5.5,3.5,3,6,6,4.5,4.5,5
"245",7,7,7,6,6,7,7,1,1,5,6,4.5,5,3,4,4,6
"246",4,4,4,5,4,3,4,6,0,5.5,4,3,6,6,7,7,6.5
"247",5,5,5,5,6,6,6,2,1,3,3.5,4,5.5,2.5,4,5,5
"248",7,7,7,7,7,7,7,4,0,3,5,4,5,4,4.5,1,4
"249",4,3,1,1,1,1,1,1,0,7,6,6.5,7,4.5,7,7,7
"250",2,3,4,7,6,7,7,3,0,4,4,6.5,3.5,6.5,4,3,5
"251",7,7,7,7,7,7,7,3,1,2,5,6,2,2.5,2,6,2.5
"252",7,7,6,7,7,6,7,6,0,6.5,4.5,4,6.5,6.5,6.5,6.5,6.5
"253",3,5,3,4,4,4,4,5,1,2,2,1.5,3,4.5,2.5,4.5,3.5
"254",7,7,7,7,7,7,7,3,0,7,6,7,2,2.5,7,7,6
"255",7,7,6,6,5,5,6,4,1,4.5,5.5,7,6,4.5,7,7,5.5
"256",4,4,2,3,7,6,7,5,0,4.5,3,4,4.5,5,7,7,7
"257",4,4,4,4,4,4,3,4,1,4,4,3.5,4,4,4,4,4
"258",4,6,5,7,6,3,4,5,0,5,4.5,1,4.5,3.5,4,6,5.5
"259",7,7,7,7,7,7,7,4,1,4,4,4.5,4,4.5,4.5,5,4
"260",1,1,1,1,1,1,1,5,0,4.5,1,4,1,6.5,7,6,7
"261",7,7,7,7,7,7,7,1,1,5,5,5.5,4,3,3,4.5,5
"264",4,4,4,4,4,5,2,3,1,2.5,1,2.5,1,2,1,2.5,2.5
"265",5,6,5,5,6,6,7,7,0,5,3,2,5,5,4,4,5
"266",7,7,6,6,7,7,7,4,1,6,7,6.5,3.5,5.5,5.5,1.5,4
"267",7,7,7,7,7,7,7,3,1,7,7,7,7,1,1,6.5,5.5
"268",5,5,4,5,5,5,4,2,0,5,3.5,1,1,2,3.5,1,4
"269",4,4,4,4,4,4,4,3,0,3,3,1,4,4,2.5,5,2
"270",4,4,5,4,5,5,5,3,1,2.5,2.5,2.5,2.5,2.5,4.5,4,2.5
"271",7,6,7,6,7,7,6,5,1,4.5,4,4.5,2.5,4,5,5,4
"272",1,1,1,1,1,1,1,3,1,5.5,6,4.5,6,6.5,4.5,6,4.5
"273",4,4,4,4,4,4,4,6,1,4,4,3,5,5,5,5,5
"274",6,5,6,4,6,7,6,4,0,3.5,4.5,4,4.5,3,4,5,4
"275",4,5,4,4,4,7,5,1,1,4,5.5,3,7,4,4,4,3
"276",7,7,6,7,7,7,7,4,0,4,3.5,2.5,5,4.5,5.5,5,5
"277",6,7,6,7,7,7,7,3,0,4.5,7,4,5,1.5,3,3,3.5
"278",4,4,4,4,4,4,4,4,1,4,4,4,4,4,4,4,5.5
"279",7,7,7,7,7,7,7,1,1,7,7,7,4,4,4,4,4
"280",2,2,1,2,2,2,5,5,1,4,1,1,2.5,6.5,5.5,6,6
"281",4,4,4,3,3,3,3,5,0,5.5,6.5,5.5,4.5,4.5,3.5,4.5,3
"282",4,4,4,4,4,4,4,3,1,4,4.5,3,4,4,4,3.5,4
"283",3,4,2,2,2,2,2,6,1,6.5,3.5,3.5,4,6,6,6,4.5
"284",7,7,7,7,7,7,7,3,1,6.5,7,6.5,7,5.5,7,6,5.5
"285",7,7,5,7,7,7,7,5,1,2,2,4.5,1.5,5.5,7,6.5,7
"286",7,7,7,7,7,7,7,3,1,5.5,1,3.5,2,4,5.5,5.5,6
"287",4,4,5,5,4,4,4,5,0,5,5,5,5,4.5,5,5,5.5
"288",7,7,7,7,7,7,7,2,0,5.5,6.5,6.5,5.5,1,2.5,4,3
"289",6,5,6,5,6,5,7,5,0,6,7,5.5,7,3.5,6.5,5,5.5
"290",4,4,4,4,4,4,4,6,0,4,4,3.5,4,4,4,4,4
"291",3,3,5,3,6,6,6,5,0,6,4,3.5,4.5,3.5,5.5,4,5
"292",6,6,5,7,7,7,7,1,1,1.5,6,6.5,6,2,2.5,3,4
"293",1,6,7,6,7,7,7,1,0,3.5,3.5,3,3,3,4.5,3.5,3.5
"294",5,6,5,6,7,6,7,5,1,3.5,3.5,4.5,5,5.5,5.5,5,6
"295",4,4,4,6,5,5,5,4,1,4,1.5,4.5,3.5,3.5,5,3.5,4
"296",6,7,3,6,5,2,2,4,0,1.5,1,2,2.5,6,6.5,5.5,4.5
"297",7,6,6,6,7,7,7,5,1,5.5,3.5,4.5,6,5,5.5,5,6
"298",5,5,5,5,5,5,5,4,1,3.5,3,2,3.5,3,4,5,4.5
"299",4,4,3,5,6,5,5,2,0,5,4,3,4,2.5,5,2.5,5
"300",7,7,6,7,7,7,7,4,0,3,1,1,6,2.5,4,1,3
"301",7,7,7,7,4,7,7,4,0,3.5,4.5,6,4.5,4.5,5.5,5.5,4.5
"302",6,4,4,4,5,7,6,1,0,6.5,6,5.5,6.5,4,7,6.5,5
"303",5,7,5,7,7,7,7,5,1,4,6,5,5.5,2.5,5,4.5,5.5
"304",4,4,5,4,5,4,4,3,1,5,5.5,5.5,5,5,5,5,6
"305",6,6,5,5,5,6,6,2,1,4,6,5,7,2.5,4,2.5,3
"306",5,5,5,6,7,7,7,1,1,6,6,4,5,1.5,4,3,5.5
"307",7,7,7,7,7,7,7,1,0,2,7,7,4,1,1,3,2
"308",4,4,4,5,5,5,5,4,0,3.5,4,4.5,4.5,3,4,3.5,4
"309",2,3,3,3,3,3,3,1,0,6.5,7,7,2.5,1,4,1,6
"310",7,7,7,6,4,7,7,4,0,4.5,7,7,5.5,1,4,5,4
"311",7,5,5,5,5,5,5,3,0,1,1,6,4,5.5,5.5,4.5,3
"312",4,4,4,4,6,6,6,6,1,4,6.5,4,4,7,7,7,5.5
"313",4,4,4,4,4,4,4,3,0,4,3.5,3.5,4.5,3.5,4,5,5.5
"314",5,4,3,4,4,4,3,7,0,5.5,1,3.5,5,6,5.5,5,4.5
"315",4,4,4,4,4,4,4,6,1,4,4,4,4,7,7,7,4
"316",6,6,5,6,7,7,7,4,0,5,6,5,5,5,5.5,5.5,6.5
"317",4,4,2,4,4,3,3,3,1,3,2,2.5,2,3,4.5,3.5,3.5
"318",7,6,6,6,7,7,7,2,1,4,6,4,6,4,3.5,4,5.5
"319",3,1,5,4,6,4,7,3,1,1,4.5,7,7,7,7,1,7
"320",1,1,1,1,1,1,1,2,0,4,1.5,1,5,5.5,3.5,6.5,4
"321",7,7,3,1,7,7,7,5,0,4.5,1,1,5,4,6.5,4,6.5
"322",6,6,6,6,6,6,6,1,1,3.5,6.5,2.5,3,4.5,5,3,6
"323",7,7,6,7,6,6,7,5,1,4,3,1.5,3,3.5,2.5,4.5,4
"324",6,2,6,6,6,7,6,2,0,5.5,4.5,6,7,2.5,3,2.5,5.5
"325",6,6,4,5,6,6,7,5,0,4,5,2,6,5.5,6,6.5,7
"326",7,7,7,7,7,7,7,3,0,3.5,4,3.5,5.5,2,7,1,5.5
"327",3,3,3,3,3,1,3,3,0,4,4,4,5,4,7,7,7
"328",4,4,4,4,4,4,4,4,1,6.5,4,6,4,4,6.5,2.5,4
"329",6,6,7,6,7,6,6,4,1,5,4,2.5,3,4,6,6.5,5.5
"330",5,6,5,7,7,7,7,1,0,3,1,4,3.5,4.5,3.5,4,5
"331",4,4,4,4,4,4,4,4,0,4,3,3.5,5,4,4,4,4.5
"332",6,6,7,7,7,7,6,5,0,3.5,3,2.5,5,5.5,5,5,4.5
"333",4,4,4,4,4,4,5,3,0,5,5,4,5,4.5,5,6,5
"334",7,7,7,7,7,7,7,1,1,1.5,5.5,4.5,3.5,2.5,2.5,1,4
"335",6,5,4,6,6,7,7,3,1,5,6,5,4,2,4,3.5,5.5
"336",7,7,5,7,1,2,7,4,0,4,4,4,4,4,5,4,4
"337",7,7,6,6,7,7,7,2,0,6.5,5,4.5,7,2.5,3.5,3,1.5
"338",3,4,3,3,3,4,3,4,1,6,3.5,3.5,5,2,3,1,3.5
"339",7,6,6,6,7,7,7,4,1,4.5,6,2.5,3.5,4,6,6.5,4.5
"340",6,6,6,6,5,4,7,4,0,4,4,4.5,4,4,4,4,4
"341",3,3,3,3,3,5,5,1,1,3.5,3.5,3.5,3.5,3.5,4,3.5,2.5
"342",5,7,4,6,6,5,7,3,1,4.5,4.5,5.5,6.5,5,5,5,6
"343",4,3,3,6,7,7,7,2,0,4.5,4.5,2.5,2,1.5,2,2,5
"344",4,7,4,4,4,5,7,5,1,2.5,1,2.5,5.5,4,5,4.5,7
"345",3,1,7,7,7,4,7,4,1,7,6.5,6,7,6,4.5,5.5,7
